"media_id","category","title","alt_text","mime_type","width","height","bytes","sha256","source_url","local_path"
"125","graphics","yeti-app","yeti risk management software","image/png","1744","854","340648","1643b5be166ac445dc7773d0ca90408b001ef561f1b51bdbe4238c5e07d03c75","https://americansnowandicesolutions.com/wp-content/uploads/2024/07/yeti-app.png","graphics\0125-yeti-app.png"
"126","graphics","yeti-on-many-devices_-2048×944-1","yeti snow management software","image/png","2048","944","616732","bad0df7732d4ae8a1bc35966bf3a4a52cc53f05b1c24f05308355fdf75f19252","https://americansnowandicesolutions.com/wp-content/uploads/2024/07/yeti-on-many-devices_-2048x944-1.png","graphics\0126-yeti-on-many-devices_-2048x944-1.png"
"183","graphics","yeti-app","Yeti Snow Management Software","image/png","1744","854","365381","9c7edbfe6c2eeb62c8541178af5d1a28161ca6cf12f30254e9b06639d33d797f","https://americansnowandicesolutions.com/wp-content/uploads/2024/07/yeti-app-1.png","graphics\0183-yeti-app-1.png"
"268","graphics","servicemap","SIMA Snow Contractor in the Tri-State New York, New Jersey, Pennsylvania area","image/png","255","198","10195","3acecb96009dd2b2ccb4610721076cae831ad26fa77f03b0f949ee9528c5fc62","https://americansnowandicesolutions.com/wp-content/uploads/2024/07/servicemap.png","graphics\0268-servicemap.png"
"269","graphics","servicemap2","Pennsylvania, New Jersey Snow Management","image/png","255","198","24466","ea3398a7905495272d199f9d3e5dbe43edb8bee03a7cdc081e00825275585908","https://americansnowandicesolutions.com/wp-content/uploads/2024/07/servicemap2.png","graphics\0269-servicemap2.png"
"274","graphics","flag","American Snow and Ice Solutions","image/jpeg","1638","921","94470","2d39a049347ac8bd21824e4642bfd634ca07d6537ab163754cae62ae7b145b3b","https://americansnowandicesolutions.com/wp-content/uploads/2024/07/flag.jpg","graphics\0274-flag.jpg"
"275","graphics","yetipaw","Weather Reporting for Snow Emergencies","image/png","111","114","7033","cdc7586a76228f28dff730fdc8f5d704fb472c7083c0a4abc2a04d5cf2646d02","https://americansnowandicesolutions.com/wp-content/uploads/2024/07/yetipaw.png","graphics\0275-yetipaw.png"
"113","logos-certifications-associations","logo","fogelsville, macungie, allentown, palmerton, quakertown, lehigh valley, nazareth, windgap, slatington snow plowing","image/png","516","516","291585","1902dcd3195df6a7eb0e56b51721074b95dd39ed40fde75a39102e8ff409e4dd","https://americansnowandicesolutions.com/wp-content/uploads/2024/07/logo.png","logos-certifications-associations\0113-logo.png"
"118","logos-certifications-associations","asca","ASCA certified","image/png","124","70","11432","630bd2dc63c00049d8c2cf158cbe5ffc05471705255c65edf780338239c7b968","https://americansnowandicesolutions.com/wp-content/uploads/2024/07/asca.png","logos-certifications-associations\0118-asca.png"
"119","logos-certifications-associations","sima","SIMA snow and ice management association","image/jpeg","171","68","5134","98fda7f24c61a7382156e7a576d2f218a92e25dbb9e0bebf20e843b2f3aab820","https://americansnowandicesolutions.com/wp-content/uploads/2024/07/sima.jpg","logos-certifications-associations\0119-sima.jpg"
"120","logos-certifications-associations","snowfighters","snowfighters accredited","image/png","101","100","28271","3d600fe875077d26997f922635d55f09fa10a667fe64ea424bdae603c563509a","https://americansnowandicesolutions.com/wp-content/uploads/2024/07/snowfighters.png","logos-certifications-associations\0120-snowfighters.png"
"152","logos-certifications-associations","bbb-trust-logo","BBB","image/png","864","350","21366","5a9ea832f225ed6126042e1f8cac7c81a14ce6f90d437f624bd32d7419513160","https://americansnowandicesolutions.com/wp-content/uploads/2024/07/bbb-trust-logo.png","logos-certifications-associations\0152-bbb-trust-logo.png"
"182","logos-certifications-associations","logo-map","The Weather Pros weather reporting","image/png","439","420","198149","954471cd2e1ddaf5f473fe62b2a092bcb9c2fd09ef0567e8710474473505885e","https://americansnowandicesolutions.com/wp-content/uploads/2024/07/logo-map.png","logos-certifications-associations\0182-logo-map.png"
"215","logos-certifications-associations","APS-3stacklogo","APS American Property Solutions","image/png","764","258","136058","47afefbee9fa34c92f2031e9c4f87c37aa5242da7faf14c3044272f5e22c536c","https://americansnowandicesolutions.com/wp-content/uploads/2024/07/APS-3stacklogo.png","logos-certifications-associations\0215-APS-3stacklogo.png"
"216","logos-certifications-associations","APS-star","American Property Solutions Landscaping and Property Maintenance Company","image/png","545","430","87579","679071db5e6be604881bdfca1301d1bd1d86b44e465b4f158fe8d7169470bb8a","https://americansnowandicesolutions.com/wp-content/uploads/2024/07/APS-star.png","logos-certifications-associations\0216-APS-star.png"
"221","logos-certifications-associations","worktogether","snow plows","image/png","780","688","113427","74cd7e3c02e56793e6e7fd6b264df963235072a6b8627ea1197bd28aaea770ad","https://americansnowandicesolutions.com/wp-content/uploads/2024/07/worktogether.png","logos-certifications-associations\0221-worktogether.png"
"306","logos-certifications-associations","ASAI-Logo","Tri-State New York, Pennsylvania and New Jersey Snow and Ice Solutions Company","image/png","2297","652","118270","002941cd0724b6bd10a36f7a6873fdbd89feb59fe8168e00bf0883a75cf76384","https://americansnowandicesolutions.com/wp-content/uploads/2024/07/ASAI-Logo.png","logos-certifications-associations\0306-ASAI-Logo.png"
"337","logos-certifications-associations","ASAI-favicon","snow plowing","image/png","150","112","4464","e1290ddcdb0781c65c4fbfbc21e3e141966958b2f170fccd12e43712a141d11a","https://americansnowandicesolutions.com/wp-content/uploads/2024/08/ASAI-favicon.png","logos-certifications-associations\0337-ASAI-favicon.png"
"421","logos-certifications-associations","APS-3stacklogo","Landscaping Contractor","image/png","764","258","78037","8391310ca554992039233689d8c735a9b9e57f9ee301824d6d95d6277d4101cb","https://americansnowandicesolutions.com/wp-content/uploads/2025/04/APS-3stacklogo.png","logos-certifications-associations\0421-APS-3stacklogo.png"
"423","logos-certifications-associations","chamber-logo-transparent","american snow and ice solutions chamber member","image/png","246","67","21300","ccf31c662f316befd3ad12bf3a9b0014d1591747875c072bb71a8856e0ff50ad","https://americansnowandicesolutions.com/wp-content/uploads/2025/04/chamber-logo-transparent.png","logos-certifications-associations\0423-chamber-logo-transparent.png"
"47","photos","new-portrait-8-800×800-1-800×800","","image/jpeg","800","800","101356","3e3383d8dd27f7d683615e3ad472d594fc970e53668500188c2cdb299b6f3670","https://americansnowandicesolutions.com/wp-content/uploads/2024/07/new-portrait-8-800x800-1-800x800.jpg","photos\0047-new-portrait-8-800x800-1-800x800.jpg"
"50","photos","new-portrait-11-800×800-1-800×800","","image/jpeg","800","800","73310","e7fa73e44588d5d5d7429134df7a1aab4639aba95803405f77c9156dfdce41db","https://americansnowandicesolutions.com/wp-content/uploads/2024/07/new-portrait-11-800x800-1-800x800.jpg","photos\0050-new-portrait-11-800x800-1-800x800.jpg"
"51","photos","0-e8fe263a-edb6-454d-ba5b-c6258be41e0e-800×800","","image/jpeg","800","800","164217","9a76824a72a99ec636bd4ee416263950d8cf3d52560707d907711172b54cb401","https://americansnowandicesolutions.com/wp-content/uploads/2024/07/0-e8fe263a-edb6-454d-ba5b-c6258be41e0e-800x800.jpg","photos\0051-0-e8fe263a-edb6-454d-ba5b-c6258be41e0e-800x800.jpg"
"52","photos","0-0c946dc4-ec9e-4216-86bd-2273b93dea74-800×800","","image/jpeg","800","800","155672","ea3e6d5b433a697ade9400179e86778ff3d5408847542c03c6f9136b30fdd735","https://americansnowandicesolutions.com/wp-content/uploads/2024/07/0-0c946dc4-ec9e-4216-86bd-2273b93dea74-800x800.jpg","photos\0052-0-0c946dc4-ec9e-4216-86bd-2273b93dea74-800x800.jpg"
"53","photos","new-portrait-12-800×800-1-800×800","","image/jpeg","800","800","73533","8de0420c1d1e1740cac4a93ac8a59096a36ea5c6879076024573d856328c4118","https://americansnowandicesolutions.com/wp-content/uploads/2024/07/new-portrait-12-800x800-1-800x800.jpg","photos\0053-new-portrait-12-800x800-1-800x800.jpg"
"54","photos","new-portrait-7-800×800-1-800×800","","image/jpeg","800","800","71627","3aa30cdb68bf1bad256cc5b68d9419780904777c31722927e8937a18b7de064f","https://americansnowandicesolutions.com/wp-content/uploads/2024/07/new-portrait-7-800x800-1-800x800.jpg","photos\0054-new-portrait-7-800x800-1-800x800.jpg"
"56","photos","0-5a7056f8-340e-4994-b5d4-d81f326b09f3-800×800","","image/jpeg","800","800","135806","735b2885bd9feb338bb426fd6a2bea4dd557d3631faf94c305818b02eddcdfcd","https://americansnowandicesolutions.com/wp-content/uploads/2024/07/0-5a7056f8-340e-4994-b5d4-d81f326b09f3-800x800.jpg","photos\0056-0-5a7056f8-340e-4994-b5d4-d81f326b09f3-800x800.jpg"
"57","photos","0-26c00446-3b10-4834-ba1b-8ed78b30b738-800×800","","image/jpeg","800","800","100775","c490beeb5dfb72a2e2f392a4adfa00ae770f41a857ed10899b4be31829be73a4","https://americansnowandicesolutions.com/wp-content/uploads/2024/07/0-26c00446-3b10-4834-ba1b-8ed78b30b738-800x800.jpg","photos\0057-0-26c00446-3b10-4834-ba1b-8ed78b30b738-800x800.jpg"
"58","photos","0-1da7a9ab-da45-4ed6-b0f3-46c61af0fc3e-800×800","","image/jpeg","800","800","129957","d487d9c4b504d3d4de2eb1e57a4b7d6b290beec87c4b67ee93855e417f425bbd","https://americansnowandicesolutions.com/wp-content/uploads/2024/07/0-1da7a9ab-da45-4ed6-b0f3-46c61af0fc3e-800x800.jpg","photos\0058-0-1da7a9ab-da45-4ed6-b0f3-46c61af0fc3e-800x800.jpg"
"59","photos","0-5965b840-b69b-4b3a-9e07-e99ef987ba19-1080×600","","image/jpeg","1080","600","57435","293754dd5159db3f88c90fe25bf805b451bf405714b2eeaaa17b317130eb33e7","https://americansnowandicesolutions.com/wp-content/uploads/2024/07/0-5965b840-b69b-4b3a-9e07-e99ef987ba19-1080x600.jpg","photos\0059-0-5965b840-b69b-4b3a-9e07-e99ef987ba19-1080x600.jpg"
"68","photos","new-portrait-10-800×800-1-800×800","","image/jpeg","800","800","53678","40ff4a02b72d061b340eca767c24ebb66fccbd4baafe927950b05f7141c01e23","https://americansnowandicesolutions.com/wp-content/uploads/2024/07/new-portrait-10-800x800-1-800x800.jpg","photos\0068-new-portrait-10-800x800-1-800x800.jpg"
"73","photos","new-portrait-11-800×800-1-1-800×800","","image/jpeg","800","800","73310","e7fa73e44588d5d5d7429134df7a1aab4639aba95803405f77c9156dfdce41db","https://americansnowandicesolutions.com/wp-content/uploads/2024/07/new-portrait-11-800x800-1-1-800x800.jpg","photos\0073-new-portrait-11-800x800-1-1-800x800.jpg"
"74","photos","new-portrait-9-800×800-1-800×800","","image/jpeg","800","800","120081","cc7accf74b986ecf8f70c6be2972c5ca4da44b73f51e1c6c370367ea6e5f36a8","https://americansnowandicesolutions.com/wp-content/uploads/2024/07/new-portrait-9-800x800-1-800x800.jpg","photos\0074-new-portrait-9-800x800-1-800x800.jpg"
"75","photos","0-493c6ad5-e709-4117-9da6-0ca19f3c7b06-800×600","","image/jpeg","800","600","107448","da410d2088d5c08743acb6628edd9288311c7fa7fe5939e5f0920d3ffbbe6de8","https://americansnowandicesolutions.com/wp-content/uploads/2024/07/0-493c6ad5-e709-4117-9da6-0ca19f3c7b06-800x600.jpg","photos\0075-0-493c6ad5-e709-4117-9da6-0ca19f3c7b06-800x600.jpg"
"76","photos","0-7e0e2fed-102f-4a8b-b891-fefd97345194-800×600","northampton county snow removal company","image/jpeg","800","600","94918","d836f9e0310aa337ee01df2f659c921cc426fa5d24de66dd0e91c9d82843c164","https://americansnowandicesolutions.com/wp-content/uploads/2024/07/0-7e0e2fed-102f-4a8b-b891-fefd97345194-800x600.jpg","photos\0076-0-7e0e2fed-102f-4a8b-b891-fefd97345194-800x600.jpg"
"77","photos","0-f58695a2-c35b-40d8-aa89-3409307dca2d-800×600","residential snow plowing","image/jpeg","800","600","88306","ded4b210f659b8b630ae37ad357edd786c2b556800f2247f6327fabb5e285a1d","https://americansnowandicesolutions.com/wp-content/uploads/2024/07/0-f58695a2-c35b-40d8-aa89-3409307dca2d-800x600.jpg","photos\0077-0-f58695a2-c35b-40d8-aa89-3409307dca2d-800x600.jpg"
"78","photos","0-8864dd64-dc4f-417f-8dc6-84e8941a906d-800×600","winter maintenance","image/jpeg","800","600","69300","4e0e08c1a7ecf380658a3274a4c2576ea22221d9ec4bbd56aa441a5a3cc1b2c8","https://americansnowandicesolutions.com/wp-content/uploads/2024/07/0-8864dd64-dc4f-417f-8dc6-84e8941a906d-800x600.jpg","photos\0078-0-8864dd64-dc4f-417f-8dc6-84e8941a906d-800x600.jpg"
"79","photos","0-7f1ea06b-7cc4-4a94-877f-3544e9a326d7-800×1080","easton sidewalk clearing company","image/jpeg","800","1080","117524","de65ba1106b1b2ac2852645e9bba383d43380c66609a8a5167a1510342ae13c5","https://americansnowandicesolutions.com/wp-content/uploads/2024/07/0-7f1ea06b-7cc4-4a94-877f-3544e9a326d7-800x1080.jpg","photos\0079-0-7f1ea06b-7cc4-4a94-877f-3544e9a326d7-800x1080.jpg"
"80","photos","0-4b361d72-2371-4a49-983a-0a2cc7c3ffee-800×1080","bethlehem parking lot clearing company","image/jpeg","800","1080","163945","e5a7083b9f3ea511ce0e9c0c72881a2e3b0ed38a82784718756ab868f89f1c1b","https://americansnowandicesolutions.com/wp-content/uploads/2024/07/0-4b361d72-2371-4a49-983a-0a2cc7c3ffee-800x1080.jpg","photos\0080-0-4b361d72-2371-4a49-983a-0a2cc7c3ffee-800x1080.jpg"
"81","photos","0-538c9ebe-e9ce-4310-b889-4b4b3da2854e-800×1080","allentown sidewalk clearing company","image/jpeg","800","1080","115386","04831a13144cbab1ae350d554520c4e6fc38983389e745c5a74babc1838c6263","https://americansnowandicesolutions.com/wp-content/uploads/2024/07/0-538c9ebe-e9ce-4310-b889-4b4b3da2854e-800x1080.jpg","photos\0081-0-538c9ebe-e9ce-4310-b889-4b4b3da2854e-800x1080.jpg"
"82","photos","0-95464aea-17b9-4f86-9656-62ac2a10a2e5-800×1080","","image/jpeg","800","1080","118451","2c4fa4a5ed78f3da7c15757efc270f40cf8200f9dada1935ddd93d53f8f2487b","https://americansnowandicesolutions.com/wp-content/uploads/2024/07/0-95464aea-17b9-4f86-9656-62ac2a10a2e5-800x1080.jpg","photos\0082-0-95464aea-17b9-4f86-9656-62ac2a10a2e5-800x1080.jpg"
"83","photos","0-e099e04f-a389-41c7-abda-d76f47d8adfe-1920×1080","professional winter maintenance company in pennsylvania","image/jpeg","1920","1080","310004","13ecf944c11601293360767fd310f2476b4aaf3e3d0b0eedf9f78fc99821de15","https://americansnowandicesolutions.com/wp-content/uploads/2024/07/0-e099e04f-a389-41c7-abda-d76f47d8adfe-1920x1080.jpg","photos\0083-0-e099e04f-a389-41c7-abda-d76f47d8adfe-1920x1080.jpg"
"106","photos","0-df08fb11-0f35-4857-8dac-76bd181da72c-1080×600","","image/jpeg","1080","600","159580","e97ba8b305378a576f81e04dfdbdd8e3a18a24e06f3d85f37fb01fe1cd67e115","https://americansnowandicesolutions.com/wp-content/uploads/2024/07/0-df08fb11-0f35-4857-8dac-76bd181da72c-1080x600.jpg","photos\0106-0-df08fb11-0f35-4857-8dac-76bd181da72c-1080x600.jpg"
"107","photos","0-36986686-2f9e-4688-8e75-51f975ebd1f3-1080×600","winter maintenance","image/jpeg","1080","600","138515","a619786426dfaaaffc0b51853f5914aa2e82e70d96498c01119b6d2b6d6fde54","https://americansnowandicesolutions.com/wp-content/uploads/2024/07/0-36986686-2f9e-4688-8e75-51f975ebd1f3-1080x600.jpg","photos\0107-0-36986686-2f9e-4688-8e75-51f975ebd1f3-1080x600.jpg"
"108","photos","0-df6e2bbf-4304-4780-ad10-b1bf2a89e697-1080×600","","image/jpeg","1080","600","98256","17161617c42015c3b3655655a107e84bf92601e87f550fce6b01d6e0d467c1c8","https://americansnowandicesolutions.com/wp-content/uploads/2024/07/0-df6e2bbf-4304-4780-ad10-b1bf2a89e697-1080x600.jpg","photos\0108-0-df6e2bbf-4304-4780-ad10-b1bf2a89e697-1080x600.jpg"
"110","photos","0-5495dc3f-cdea-4779-86e5-19d5c08c660a-1920×1080","lehighton snow plowing company","image/jpeg","1920","1080","232960","d300c32efb88b18faf653ebc7a124135fda1115c2e355d27b10ae1e1984039bb","https://americansnowandicesolutions.com/wp-content/uploads/2024/07/0-5495dc3f-cdea-4779-86e5-19d5c08c660a-1920x1080.jpg","photos\0110-0-5495dc3f-cdea-4779-86e5-19d5c08c660a-1920x1080.jpg"
"127","photos","haul-1-g","new york area snow removal","image/jpeg","1400","1005","1164880","a53b34eff4753da76af47a764be74e37d855d1aef4b5cf8daa182c3bfcef4248","https://americansnowandicesolutions.com/wp-content/uploads/2024/07/haul-1-g.jpg","photos\0127-haul-1-g.jpg"
"128","photos","shovel1","winter maintenance","image/jpeg","275","183","9144","ebe7dd7f542f0a1ccdd1b023f3ba6026645892fffa1a7dc7f6bd5ef8d9cbdb06","https://americansnowandicesolutions.com/wp-content/uploads/2024/07/shovel1.jpeg","photos\0128-shovel1.jpeg"
"129","photos","parkinglot-1-g","snow and ice solutions company","image/jpeg","1920","744","305252","45e428d376243c28dd86b9080e7ac31e9717b327bd5722a18558cc7fb2f7da02","https://americansnowandicesolutions.com/wp-content/uploads/2024/07/parkinglot-1-g.jpg","photos\0129-parkinglot-1-g.jpg"
"130","photos","deice-2-g","salting near me","image/jpeg","600","400","97049","6062e16d7856e38c2e1b9b838a1ad2c62671a57ba138b7e652b3e7d78b34b9f8","https://americansnowandicesolutions.com/wp-content/uploads/2024/07/deice-2-g.jpg","photos\0130-deice-2-g.jpg"
"131","photos","deice-1-g","northampton sidewalk clearing","image/jpeg","1800","1440","180633","d9a7415cb89c47ac397d8ccf6794da33210a39d50801aa7db912a02d7708aece","https://americansnowandicesolutions.com/wp-content/uploads/2024/07/deice-1-g.jpeg","photos\0131-deice-1-g.jpeg"
"132","photos","Plow Truck Cleaning Snow Filled Suburban NeighborhoodStreet","macungie snow management","image/jpeg","2560","1700","930376","9e034935315151513445909eb714b34db0e511cf6b3748d309296614dca9f448","https://americansnowandicesolutions.com/wp-content/uploads/2024/07/plow-2-g-scaled.jpg","photos\0132-plow-2-g-scaled.jpg"
"133","photos","White snowplow service truck with orange lights and yellow plow blade clearing residential roads of snow while flakes are still falling","monroe county snow plowing","image/jpeg","2560","1700","616351","d443d0b45efa9af08fa54c16ce1269c420117dc72653e8c9b81e6e93f4e21b8e","https://americansnowandicesolutions.com/wp-content/uploads/2024/07/plow-1-g-scaled.jpg","photos\0133-plow-1-g-scaled.jpg"
"134","photos","deicing2-g","parking lot de-icing near me","image/webp","768","323","95012","32027af15f417e846ed5864a33c63909d71e6f1f598219a161fb1e3ad23d338d","https://americansnowandicesolutions.com/wp-content/uploads/2024/07/deicing2-g.webp","photos\0134-deicing2-g.webp"
"135","photos","deicing1-g","parking lot maintenance near me","image/jpeg","275","183","9541","f6b2b5ba9dc538c61d7d2277e4b173981863a8ff8ced6a8513bbeb2fb5bbe412","https://americansnowandicesolutions.com/wp-content/uploads/2024/07/deicing1-g.jpeg","photos\0135-deicing1-g.jpeg"
"136","photos","deicing-g","sidewalk clearing near me","image/jpeg","1000","664","295222","6515509a40d8c40d40aad903952ee4614512b8cb51fcffb5f318d6bda2dbcf41","https://americansnowandicesolutions.com/wp-content/uploads/2024/07/deicing-g.jpg","photos\0136-deicing-g.jpg"
"137","photos","plow4-g","snow removal near me","image/jpeg","450","300","28577","94f601f67e33c789a2a584a05794e3d5b8bc4dc4cf894a0246562e10a40ad347","https://americansnowandicesolutions.com/wp-content/uploads/2024/07/plow4-g.jpeg","photos\0137-plow4-g.jpeg"
"138","photos","plow3-g","snow plow maintenance","image/jpeg","773","1000","82297","eddb2e77b8ccda45fb384cf690b120ade99d0cce6c8317ef436c546f84d8f2d4","https://americansnowandicesolutions.com/wp-content/uploads/2024/07/plow3-g.jpeg","photos\0138-plow3-g.jpeg"
"139","photos","plow2-g","parking lot clearing near me","image/jpeg","276","183","9172","0b67feb09a06259d7866354b07289270d73384b061f6a36bf3baa3d880de14cd","https://americansnowandicesolutions.com/wp-content/uploads/2024/07/plow2-g.jpeg","photos\0139-plow2-g.jpeg"
"140","photos","plow-g","snow plowing near me","image/jpeg","300","168","9355","de3768d83f56522ca27ec05cf90cc05bb225efbdf4461606a6b18e397eb8934e","https://americansnowandicesolutions.com/wp-content/uploads/2024/07/plow-g.jpeg","photos\0140-plow-g.jpeg"
"145","photos","288513881_1223581618414089_854226359798480048_n","sidewalk de-icing and shoveling","image/jpeg","1536","2048","295856","d58ce67ff02f7ebfb182495ccc6dd5f10c32e6bd6bbbfb1d6ecc0a298e3c44ba","https://americansnowandicesolutions.com/wp-content/uploads/2024/07/288513881_1223581618414089_854226359798480048_n.jpg","photos\0145-288513881_1223581618414089_854226359798480048_n.jpg"
"146","photos","288748492_1223581641747420_7413856100265503251_n","sidewalk cleaning and shoveling","image/jpeg","1536","2048","273926","b3ff8e2163d419f1ea99095f6c903c52486ccca4697d7ed16a36219848583a0b","https://americansnowandicesolutions.com/wp-content/uploads/2024/07/288748492_1223581641747420_7413856100265503251_n.jpg","photos\0146-288748492_1223581641747420_7413856100265503251_n.jpg"
"147","photos","443821792_1002509304746175_4634016418456129743_n","facilities snow management company","image/jpeg","960","638","91788","e4b28a107c77ea3fc3a23b67a5ff32986e56a4ba71e92cf8455fc0197aa51c00","https://americansnowandicesolutions.com/wp-content/uploads/2024/07/443821792_1002509304746175_4634016418456129743_n.jpg","photos\0147-443821792_1002509304746175_4634016418456129743_n.jpg"
"176","photos","first-snow-removal","snow plowing easton","image/jpeg","300","201","8753","362fd48df37ee3a1638392da8c9a46b322f4b6ef2c78291462ff282af3010dc1","https://americansnowandicesolutions.com/wp-content/uploads/2024/07/first-snow-removal.jpg","photos\0176-first-snow-removal.jpg"
"177","photos","horse","Snow plowing berks county","image/jpeg","450","272","19705","724608287625ea8fbc65c131c35c090425d327e8942fb4413b1b9f5c9d68e0ec","https://americansnowandicesolutions.com/wp-content/uploads/2024/07/horse.jpg","photos\0177-horse.jpg"
"206","photos","","Risk Management can help commercial properties","image/jpeg","512","342","66286","a1d56c31121887f7fa4955a07a3caeab823b9fe99b124f1ec56e5bb7f71a1bc4","https://americansnowandicesolutions.com/wp-content/uploads/2024/07/dontriskit.jpg","photos\0206-dontriskit.jpg"
"263","photos","plow-2","Bethlehem Snow Plowing","image/png","48","48","2414","050603fbc46106ae83b6f2e979bc18673f6a593d050a32fb40816bd44d3f890c","https://americansnowandicesolutions.com/wp-content/uploads/2024/07/plow-2.png","photos\0263-plow-2.png"
"264","photos","plow","Walnutport Snow Removal","image/png","752","752","13729","96e553be2ba0ade1fe6ef500ad824ccac8f53e8ceb707fed908db9aada719f95","https://americansnowandicesolutions.com/wp-content/uploads/2024/07/plow.png","photos\0264-plow.png"
"265","photos","salting-and-ice-prevention","De-Icing and Salting Parking Lots","image/jpeg","300","300","20872","ee6d79437a6d9b857666dfafdc803d183c0e2f25ca6f8886ce2751c90b89ae85","https://americansnowandicesolutions.com/wp-content/uploads/2024/07/salting-and-ice-prevention.jpg","photos\0265-salting-and-ice-prevention.jpg"
"266","photos","43952257_1124618681024162_2043405573826805760_n","Snow Plow Maintenance Company","image/jpeg","640","418","43655","a42e202458a25be5cce79a40f088dc9ea2cde6ed6b06e5b44e3980108a0dee3a","https://americansnowandicesolutions.com/wp-content/uploads/2024/07/43952257_1124618681024162_2043405573826805760_n.jpg","photos\0266-43952257_1124618681024162_2043405573826805760_n.jpg"
"267","photos","44031534_1124618741024156_3751709389673725952_n","Commercial Snow Removal Company","image/jpeg","600","800","52855","5533ddd6c0962c347bcdb2b9a95e445ee7844a25c1113e7038acea4548ca96ea","https://americansnowandicesolutions.com/wp-content/uploads/2024/07/44031534_1124618741024156_3751709389673725952_n.jpg","photos\0267-44031534_1124618741024156_3751709389673725952_n.jpg"
"270","photos","snow-plow-allentown","Professional Snow Contractor","image/jpeg","300","300","19153","a18de2d359b43f4896e989c1a03e3cf10def0b0ed7f3855d76a5e9875bde0b05","https://americansnowandicesolutions.com/wp-content/uploads/2024/07/snow-plow-allentown.jpg","photos\0270-snow-plow-allentown.jpg"
"271","photos","snow-removal-professionals","Lehigh County Snow Removal Agency","image/jpeg","300","300","21805","76c6caf54236b738818075df4d053a18ee50aa27d7baca6d37a80d67ffce818a","https://americansnowandicesolutions.com/wp-content/uploads/2024/07/snow-removal-professionals.jpg","photos\0271-snow-removal-professionals.jpg"
"272","photos","snowremoval","Northampton County Snow Plowing Company","image/jpeg","1294","863","817759","60a58b9eb0f1775eee3ff8c82faa9f1c5e7ac448900b814a6502298f3cb7ce3a","https://americansnowandicesolutions.com/wp-content/uploads/2024/07/snowremoval.jpg","photos\0272-snowremoval.jpg"
"273","photos","Tractor-lot-snow-removal-allentown-1-768×464","Commercial Parking Lot Snow Clearing","image/jpeg","768","464","157950","3783be89d84d297c54895b5e4e5f66d62051c43a3c4600a1e4388a77e3578c69","https://americansnowandicesolutions.com/wp-content/uploads/2024/07/Tractor-lot-snow-removal-allentown-1-768x464-1.jpg","photos\0273-Tractor-lot-snow-removal-allentown-1-768x464-1.jpg"
"314","photos","Screenshot","Bethlehem Snow Removal Company","image/jpeg","1202","894","197711","f63223eb678f12b7506863e8d7af5c0c7f7e561bae5b9b83e9bd78d0bfe13b14","https://americansnowandicesolutions.com/wp-content/uploads/2024/07/F550-with-Bobcat-loading-snow-e1722374890963.jpg","photos\0314-F550-with-Bobcat-loading-snow-e1722374890963.jpg"
"","site-only","preloader","","","","","9427","27422f830d71474144ea902369ce78d178d1ace4e38a029ba2e359b7b55b4176","https://americansnowandicesolutions.com/wp-content/themes/Divi/includes/builder/styles/images/preloader.gif","site-only\site-0001-preloader.gif"
"","site-only","modules","","","","","16842","0ae4a16bfea9d30082d75d134739bfe5d80ff9fa0f67b5299660814b9f66d535","https://americansnowandicesolutions.com/wp-content/themes/Divi/core/admin/fonts/modules/base/modules.svg","site-only\site-0002-modules.svg"
"","site-only","ASAI-Logo","","","","","84470","e895f08b9af445fc880104771b1ab6a5941edeb7ffd0bf795b4c7a4d057c9c24","http://mnd.dc0.myftpupload.com/wp-content/uploads/2024/07/ASAI-Logo.png","site-only\site-0003-ASAI-Logo.png"
"","site-only","modules","","","","","299189","639567f000acf215bbe0bf97270b6ef3db269d1f9245ae2f1dfdcc4e3759315c","https://americansnowandicesolutions.com/wp-content/themes/Divi/core/admin/fonts/modules/all/modules.svg","site-only\site-0004-modules.svg"
"","site-only","fa-regular-400","","","","","144714","d42a64dc349a98075e8be12587943f2bd52065a8bb18960d7dc7390b535117e0","https://americansnowandicesolutions.com/wp-content/themes/Divi/core/admin/fonts/fontawesome/fa-regular-400.svg","site-only\site-0005-fa-regular-400.svg"
"","site-only","fa-solid-900","","","","","917575","1a46e780ce5beb6507d62af8b20a92b33c8f042e87c612f4bbf8330bfc353419","https://americansnowandicesolutions.com/wp-content/themes/Divi/core/admin/fonts/fontawesome/fa-solid-900.svg","site-only\site-0006-fa-solid-900.svg"
"","site-only","fa-brands-400","","","","","747545","e2749cb24a77208abdd9fda35f0d14f091948c44d21f977c8048a3b13e4beccb","https://americansnowandicesolutions.com/wp-content/themes/Divi/core/admin/fonts/fontawesome/fa-brands-400.svg","site-only\site-0007-fa-brands-400.svg"
"","site-only","0-e099e04f-a389-41c7-abda-d76f47d8adfe-1920x1080","","","","","298944","50d243349e4afa2644302e2ad01e4777737d67241f30786b367f8124ed62e28d","http://mnd.dc0.myftpupload.com/wp-content/uploads/2024/07/0-e099e04f-a389-41c7-abda-d76f47d8adfe-1920x1080.jpg","site-only\site-0008-0-e099e04f-a389-41c7-abda-d76f47d8adfe-1920x1080.jpg"
"","site-only","43952257_1124618681024162_2043405573826805760_n","","","","","43212","662b02a58072a77206dd404a21bd4977cd43aa171f64c801e751a7874f033091","http://mnd.dc0.myftpupload.com/wp-content/uploads/2024/07/43952257_1124618681024162_2043405573826805760_n.jpg","site-only\site-0009-43952257_1124618681024162_2043405573826805760_n.jpg"
"","site-only","yeti-app","","","","","365381","9c7edbfe6c2eeb62c8541178af5d1a28161ca6cf12f30254e9b06639d33d797f","http://mnd.dc0.myftpupload.com/wp-content/uploads/2024/07/yeti-app.png","site-only\site-0010-yeti-app.png"
"","site-only","yeti-app-1280x627","","","","","255381","0fa0236693a58adf4f9ef753e01cc854f0283b69f264c913f1a8789c2f3470ec","https://americansnowandicesolutions.com/wp-content/uploads/2024/07/yeti-app-1280x627.png","site-only\site-0011-yeti-app-1280x627.png"
"","site-only","yeti-app-980x480","","","","","168019","91c71fe5777b33e73f1d6c139c51c0c21df663e4349376f8dbb4062a42939ec1","https://americansnowandicesolutions.com/wp-content/uploads/2024/07/yeti-app-980x480.png","site-only\site-0012-yeti-app-980x480.png"
"","site-only","yeti-app-480x235","","","","","54276","fdf0e1fe9a757cd71c58a6f73cb8c375f690e1f7b495c40dcea3a91770647d6d","https://americansnowandicesolutions.com/wp-content/uploads/2024/07/yeti-app-480x235.png","site-only\site-0013-yeti-app-480x235.png"
"","site-only","plow2-g","","","","","8986","f529c307f699c7638e79a81a44d8ee9b097786e9010eb1e5b5ad2f2b3c5ad404","http://mnd.dc0.myftpupload.com/wp-content/uploads/2024/07/plow2-g.jpeg","site-only\site-0014-plow2-g.jpeg"
"","site-only","288748492_1223581641747420_7413856100265503251_n","","","","","275264","2350261b733ec5a37a9db0dfd97c12b8b249d1249c7c78df183185dd6f3bf20b","http://mnd.dc0.myftpupload.com/wp-content/uploads/2024/07/288748492_1223581641747420_7413856100265503251_n.jpg","site-only\site-0015-288748492_1223581641747420_7413856100265503251_n.jpg"
"","site-only","288748492_1223581641747420_7413856100265503251_n-1280x1707","","","","","265456","1a751c7d34a87f4e28754410d807f828b4e282991b0b16132532e9cc4d0bf4c5","https://americansnowandicesolutions.com/wp-content/uploads/2024/07/288748492_1223581641747420_7413856100265503251_n-1280x1707.jpg","site-only\site-0016-288748492_1223581641747420_7413856100265503251_n-1280x1707.jpg"
"","site-only","288748492_1223581641747420_7413856100265503251_n-980x1307","","","","","177905","676acac7704ee6340d469f036a2f1fa9483f175cafabd89b4d0e994f7716cae1","https://americansnowandicesolutions.com/wp-content/uploads/2024/07/288748492_1223581641747420_7413856100265503251_n-980x1307.jpg","site-only\site-0017-288748492_1223581641747420_7413856100265503251_n-980x1307.jpg"
"","site-only","288748492_1223581641747420_7413856100265503251_n-480x640","","","","","55159","44ad050503c5b871b1d356ce5fdf34966304b3dd3676ac75a3ef6acad63c3f7e","https://americansnowandicesolutions.com/wp-content/uploads/2024/07/288748492_1223581641747420_7413856100265503251_n-480x640.jpg","site-only\site-0018-288748492_1223581641747420_7413856100265503251_n-480x640.jpg"
"","site-only","plow3-g","","","","","82297","eddb2e77b8ccda45fb384cf690b120ade99d0cce6c8317ef436c546f84d8f2d4","http://mnd.dc0.myftpupload.com/wp-content/uploads/2024/07/plow3-g.jpeg","site-only\site-0019-plow3-g.jpeg"
"","site-only","plow3-g-480x621","","","","","30713","cbf455f643c65b48838606a41c1f9c2bca7cad0642651e050f5dede361ed3990","https://americansnowandicesolutions.com/wp-content/uploads/2024/07/plow3-g-480x621.jpeg","site-only\site-0020-plow3-g-480x621.jpeg"
"","site-only","deicing-g","","","","","323072","5d511bcf9e290f10e65312627d9cbd877b7b0ba4df365de4bb61f589359060c2","http://mnd.dc0.myftpupload.com/wp-content/uploads/2024/07/deicing-g.jpg","site-only\site-0021-deicing-g.jpg"
"","site-only","deicing-g-980x651","","","","","111528","7cc6348a3b4575674ef81afaeea50091adcd2fdbd28faca9feac69adddea05f7","https://americansnowandicesolutions.com/wp-content/uploads/2024/07/deicing-g-980x651.jpg","site-only\site-0022-deicing-g-980x651.jpg"
"","site-only","deicing-g-480x319","","","","","35648","e4b1b38ec328993c798094c29de982408fbe87f977babf270b0baf3e4514adb8","https://americansnowandicesolutions.com/wp-content/uploads/2024/07/deicing-g-480x319.jpg","site-only\site-0023-deicing-g-480x319.jpg"
"","site-only","haul-1-g","","","","","1224305","8db40cf4ca3f276d157238e01d4d8448beebd3e7d91b4348533708cb37cbbe20","http://mnd.dc0.myftpupload.com/wp-content/uploads/2024/07/haul-1-g.jpg","site-only\site-0024-haul-1-g.jpg"
"","site-only","haul-1-g-1280x919","","","","","312843","562bb66e8924cf881eab5c450e767b81db14245f564d17fea735062351c42f98","https://americansnowandicesolutions.com/wp-content/uploads/2024/07/haul-1-g-1280x919.jpg","site-only\site-0025-haul-1-g-1280x919.jpg"
"","site-only","haul-1-g-980x704","","","","","185801","9e6053e317db59624beeb904c1a6be72bc719e7086be126fb218c01173c15f55","https://americansnowandicesolutions.com/wp-content/uploads/2024/07/haul-1-g-980x704.jpg","site-only\site-0026-haul-1-g-980x704.jpg"
"","site-only","haul-1-g-480x345","","","","","53027","00fef4cdd3639b8957c253942eaecffe18f3d67456076519c442d8e43e376f87","https://americansnowandicesolutions.com/wp-content/uploads/2024/07/haul-1-g-480x345.jpg","site-only\site-0027-haul-1-g-480x345.jpg"
"","site-only","288513881_1223581618414089_854226359798480048_n","","","","","297122","6a02ac2a82ac9b4716aa93d2fc4bfd83a6fb1d901421bba3b27dd3084fca0cb8","http://mnd.dc0.myftpupload.com/wp-content/uploads/2024/07/288513881_1223581618414089_854226359798480048_n.jpg","site-only\site-0028-288513881_1223581618414089_854226359798480048_n.jpg"
"","site-only","288513881_1223581618414089_854226359798480048_n-1280x1707","","","","","273571","6fc23731d023b16072e011ac0c1929ab07ef40983d9ac8b27da91a68012f6ffc","https://americansnowandicesolutions.com/wp-content/uploads/2024/07/288513881_1223581618414089_854226359798480048_n-1280x1707.jpg","site-only\site-0029-288513881_1223581618414089_854226359798480048_n-1280x1707.jpg"
"","site-only","288513881_1223581618414089_854226359798480048_n-980x1307","","","","","179520","7832bdc5fcb34dfffea35d0203f0ee8e65a88bd33b72a6c7f7ee98a3ec0d2eef","https://americansnowandicesolutions.com/wp-content/uploads/2024/07/288513881_1223581618414089_854226359798480048_n-980x1307.jpg","site-only\site-0030-288513881_1223581618414089_854226359798480048_n-980x1307.jpg"
"","site-only","288513881_1223581618414089_854226359798480048_n-480x640","","","","","58145","053f6b6e8451184950b3c9c5a02759a9f95df35e98feb335529860fc91f467c3","https://americansnowandicesolutions.com/wp-content/uploads/2024/07/288513881_1223581618414089_854226359798480048_n-480x640.jpg","site-only\site-0031-288513881_1223581618414089_854226359798480048_n-480x640.jpg"
"","site-only","443821792_1002509304746175_4634016418456129743_n","","","","","96582","24ea2e8acb614e76f734b23cb9db770bdc797f1255d24d54cd08c3e9869d1a65","http://mnd.dc0.myftpupload.com/wp-content/uploads/2024/07/443821792_1002509304746175_4634016418456129743_n.jpg","site-only\site-0032-443821792_1002509304746175_4634016418456129743_n.jpg"
"","site-only","443821792_1002509304746175_4634016418456129743_n-480x319","","","","","31979","a5ccbe88c7d086f84adeb5d9358127628f360e7e40445f1947062fb854364a0b","https://americansnowandicesolutions.com/wp-content/uploads/2024/07/443821792_1002509304746175_4634016418456129743_n-480x319.jpg","site-only\site-0033-443821792_1002509304746175_4634016418456129743_n-480x319.jpg"
"","site-only","deice-2-g","","","","","97076","bc593f2124a712189c1d8a9fcdb50461ee097bd91bc605161c2797808681da84","http://mnd.dc0.myftpupload.com/wp-content/uploads/2024/07/deice-2-g.jpg","site-only\site-0034-deice-2-g.jpg"
"","site-only","deice-2-g-480x320","","","","","44116","df061199f6f1caa3199d801ebde3f1ef625b7d541f597b0ef0ec86bb5f2a20d0","https://americansnowandicesolutions.com/wp-content/uploads/2024/07/deice-2-g-480x320.jpg","site-only\site-0035-deice-2-g-480x320.jpg"
"","site-only","plow-g","","","","","9056","be242a0c74cddd807727e60949a69c758b78970e9499910526092fe42b71cd76","http://mnd.dc0.myftpupload.com/wp-content/uploads/2024/07/plow-g.jpeg","site-only\site-0036-plow-g.jpeg"
"","site-only","snowfighters","","","","","26334","5daaa96c61b1165c4b659a7e42384286a4328517e632ced7bec24a834320cdea","http://mnd.dc0.myftpupload.com/wp-content/uploads/2024/07/snowfighters.png","site-only\site-0037-snowfighters.png"
"","site-only","sima","","","","","4811","00d7c2fb05c6b6e4a521639a115c09ddc4676e0273b8bac43b8d2de27d6c14b6","http://mnd.dc0.myftpupload.com/wp-content/uploads/2024/07/sima.jpg","site-only\site-0038-sima.jpg"
"","site-only","asca","","","","","9274","955a7cd41600d4c71e68b39c9c783ebced04fe05fe4bbfa7e1a3bdc6d99d72e8","http://mnd.dc0.myftpupload.com/wp-content/uploads/2024/07/asca.png","site-only\site-0039-asca.png"
"","site-only","bbb-trust-logo","","","","","23256","9c1890e5182d26138d8a1e713daf18ac97cd23e3a8d0071491faca64263ef38d","http://mnd.dc0.myftpupload.com/wp-content/uploads/2024/07/bbb-trust-logo.png","site-only\site-0040-bbb-trust-logo.png"
"","site-only","bbb-trust-logo-480x194","","","","","17088","090518c3960c3815a4e4659addb18d77464606f6e8683c6dbc4cdcddbf5293c4","https://americansnowandicesolutions.com/wp-content/uploads/2024/07/bbb-trust-logo-480x194.png","site-only\site-0041-bbb-trust-logo-480x194.png"
"","site-only","0-7e0e2fed-102f-4a8b-b891-fefd97345194-800x600","","","","","94918","d836f9e0310aa337ee01df2f659c921cc426fa5d24de66dd0e91c9d82843c164","http://mnd.dc0.myftpupload.com/wp-content/uploads/2024/07/0-7e0e2fed-102f-4a8b-b891-fefd97345194-800x600.jpg","site-only\site-0042-0-7e0e2fed-102f-4a8b-b891-fefd97345194-800x600.jpg"
"","site-only","F550-with-Bobcat-loading-snow-e1722374890963","","","","","174957","ab72ddd2693cc4a1e0cf0ead1696d540dded58a23505831750692a2654b52be5","http://mnd.dc0.myftpupload.com/wp-content/uploads/2024/07/F550-with-Bobcat-loading-snow-e1722374890963.jpg","site-only\site-0043-F550-with-Bobcat-loading-snow-e1722374890963.jpg"
"","site-only","flag","","","","","85762","dfe0045c14547bea45affcb23f3fe685dc0cef0619f1981ae4c704c0e7ddf8ea","http://mnd.dc0.myftpupload.com/wp-content/uploads/2024/07/flag.jpg","site-only\site-0044-flag.jpg"
"","site-only","APS-3stacklogo-480x162","","","","","79693","c578ab757c3bedfeeb968b1831fafe147d22968389ac63bc2049a5d6d0fb7663","https://americansnowandicesolutions.com/wp-content/uploads/2025/04/APS-3stacklogo-480x162.png","site-only\site-0045-APS-3stacklogo-480x162.png"
"","site-only","first-snow-removal","","","","","8753","362fd48df37ee3a1638392da8c9a46b322f4b6ef2c78291462ff282af3010dc1","http://mnd.dc0.myftpupload.com/wp-content/uploads/2024/07/first-snow-removal.jpg","site-only\site-0046-first-snow-removal.jpg"
"","site-only","plow-1-g-scaled","","","","","616351","d443d0b45efa9af08fa54c16ce1269c420117dc72653e8c9b81e6e93f4e21b8e","http://mnd.dc0.myftpupload.com/wp-content/uploads/2024/07/plow-1-g-scaled.jpg","site-only\site-0047-plow-1-g-scaled.jpg"
"","site-only","plow-1-g-1280x850","","","","","198466","c355ac81ff97d8fe0fb991b3225cf3ccd3b71a613bb0c50274fd40929b7d62a7","https://americansnowandicesolutions.com/wp-content/uploads/2024/07/plow-1-g-1280x850.jpg","site-only\site-0048-plow-1-g-1280x850.jpg"
"","site-only","plow-1-g-980x651","","","","","129932","33edddfb5721366c6722df3f9a32d5c8a4b29fdf29e5d743babbe662e02bebd3","https://americansnowandicesolutions.com/wp-content/uploads/2024/07/plow-1-g-980x651.jpg","site-only\site-0049-plow-1-g-980x651.jpg"
"","site-only","plow-1-g-480x319","","","","","45267","b3ba1ce72da0c610bc7d346e8e30b925e9039e0b31ae0b782cd4078525511ee9","https://americansnowandicesolutions.com/wp-content/uploads/2024/07/plow-1-g-480x319.jpg","site-only\site-0050-plow-1-g-480x319.jpg"
"","site-only","dontriskit","","","","","66286","a1d56c31121887f7fa4955a07a3caeab823b9fe99b124f1ec56e5bb7f71a1bc4","http://mnd.dc0.myftpupload.com/wp-content/uploads/2024/07/dontriskit.jpg","site-only\site-0051-dontriskit.jpg"
"","site-only","logo-map","","","","","198149","954471cd2e1ddaf5f473fe62b2a092bcb9c2fd09ef0567e8710474473505885e","http://mnd.dc0.myftpupload.com/wp-content/uploads/2024/07/logo-map.png","site-only\site-0052-logo-map.png"
"","site-only","yeti-on-many-devices_-2048x944-1","","","","","616732","bad0df7732d4ae8a1bc35966bf3a4a52cc53f05b1c24f05308355fdf75f19252","http://mnd.dc0.myftpupload.com/wp-content/uploads/2024/07/yeti-on-many-devices_-2048x944-1.png","site-only\site-0053-yeti-on-many-devices_-2048x944-1.png"
"","site-only","yeti-on-many-devices_-2048x944-1-1280x590","","","","","258836","832fe011ed8930e6fff3645d95f5087aa384a5943f190dd63a31a4108a6a2b40","https://americansnowandicesolutions.com/wp-content/uploads/2024/07/yeti-on-many-devices_-2048x944-1-1280x590.png","site-only\site-0054-yeti-on-many-devices_-2048x944-1-1280x590.png"
"","site-only","yeti-on-many-devices_-2048x944-1-980x452","","","","","142998","b68567e30c7185b5779ca226fde7a0acfdb896eefb8659ce64563c2975b00936","https://americansnowandicesolutions.com/wp-content/uploads/2024/07/yeti-on-many-devices_-2048x944-1-980x452.png","site-only\site-0055-yeti-on-many-devices_-2048x944-1-980x452.png"
"","site-only","yeti-on-many-devices_-2048x944-1-480x221","","","","","48247","b9180e009266777101298c959ab1948d4428992fa19caf5d76f69f2914d8fda0","https://americansnowandicesolutions.com/wp-content/uploads/2024/07/yeti-on-many-devices_-2048x944-1-480x221.png","site-only\site-0056-yeti-on-many-devices_-2048x944-1-480x221.png"
"","site-only","worktogether","","","","","113427","74cd7e3c02e56793e6e7fd6b264df963235072a6b8627ea1197bd28aaea770ad","http://mnd.dc0.myftpupload.com/wp-content/uploads/2024/07/worktogether.png","site-only\site-0057-worktogether.png"
"","site-only","deice-1-g","","","","","180633","d9a7415cb89c47ac397d8ccf6794da33210a39d50801aa7db912a02d7708aece","http://mnd.dc0.myftpupload.com/wp-content/uploads/2024/07/deice-1-g.jpeg","site-only\site-0058-deice-1-g.jpeg"
"","site-only","deice-1-g-1280x1024","","","","","112177","933c832db5b3d61fc62360054a9c806c986eb3c5230e307de3571faa0cdd72e4","https://americansnowandicesolutions.com/wp-content/uploads/2024/07/deice-1-g-1280x1024.jpeg","site-only\site-0059-deice-1-g-1280x1024.jpeg"
"","site-only","deice-1-g-980x784","","","","","74310","d8c63629679329d5453a9312f3fd5e3c5c18dcbf3228eca84a0918f9c8c96029","https://americansnowandicesolutions.com/wp-content/uploads/2024/07/deice-1-g-980x784.jpeg","site-only\site-0060-deice-1-g-980x784.jpeg"
"","site-only","deice-1-g-480x384","","","","","24060","599015c11ee65db62bf2266819f56d70b73a9204068dd98ba1935491db0435b8","https://americansnowandicesolutions.com/wp-content/uploads/2024/07/deice-1-g-480x384.jpeg","site-only\site-0061-deice-1-g-480x384.jpeg"
"","site-only","0-5495dc3f-cdea-4779-86e5-19d5c08c660a-1920x1080","","","","","232960","d300c32efb88b18faf653ebc7a124135fda1115c2e355d27b10ae1e1984039bb","http://mnd.dc0.myftpupload.com/wp-content/uploads/2024/07/0-5495dc3f-cdea-4779-86e5-19d5c08c660a-1920x1080.jpg","site-only\site-0062-0-5495dc3f-cdea-4779-86e5-19d5c08c660a-1920x1080.jpg"
"","site-only","plow-2-g-scaled","","","","","930376","9e034935315151513445909eb714b34db0e511cf6b3748d309296614dca9f448","http://mnd.dc0.myftpupload.com/wp-content/uploads/2024/07/plow-2-g-scaled.jpg","site-only\site-0063-plow-2-g-scaled.jpg"
"","site-only","servicemap","","","","","10195","3acecb96009dd2b2ccb4610721076cae831ad26fa77f03b0f949ee9528c5fc62","http://mnd.dc0.myftpupload.com/wp-content/uploads/2024/07/servicemap.png","site-only\site-0064-servicemap.png"
"","site-only","deicing2-g","","","","","95012","32027af15f417e846ed5864a33c63909d71e6f1f598219a161fb1e3ad23d338d","http://mnd.dc0.myftpupload.com/wp-content/uploads/2024/07/deicing2-g.webp","site-only\site-0065-deicing2-g.webp"
